{"v":"5.0.4","fr":60,"ip":0,"op":121,"w":360,"h":128,"ddd":0,"assets":[],"layers":[{"ddd":0,"ind":1,"ty":4,"sr":1,"ks":{"o":{"a":0,"k":100,"ix":11},"r":{"a":1,"k":[{"i":{"x":[0.2],"y":[1]},"o":{"x":[0.4],"y":[0]},"n":["0p2_1_0p4_0"],"t":10,"s":[0],"e":[-5]},{"i":{"x":[0.2],"y":[1]},"o":{"x":[0.4],"y":[0]},"n":["0p2_1_0p4_0"],"t":20,"s":[-5],"e":[-5]},{"i":{"x":[0.2],"y":[1]},"o":{"x":[0.4],"y":[0]},"n":["0p2_1_0p4_0"],"t":70,"s":[-5],"e":[0]},{"t":80}],"ix":10},"p":{"a":1,"k":[{"i":{"x":0.2,"y":1},"o":{"x":0.4,"y":0},"n":"0p2_1_0p4_0","t":10,"s":[180,45.75,0],"e":[177,46.75,0],"to":[0,0,0],"ti":[0.5,-0.16666667163372,0]},{"i":{"x":0.2,"y":0.2},"o":{"x":0.4,"y":0.4},"n":"0p2_0p2_0p4_0p4","t":25,"s":[177,46.75,0],"e":[177,46.75,0],"to":[0,0,0],"ti":[0,0,0]},{"i":{"x":0.2,"y":1},"o":{"x":0.4,"y":0},"n":"0p2_1_0p4_0","t":65,"s":[177,46.75,0],"e":[180,45.75,0],"to":[0.5,-0.16666667163372,0],"ti":[-0.5,0.16666667163372,0]},{"t":80}],"ix":2},"a":{"a":0,"k":[0.5,-24.95,0],"ix":1},"s":{"a":0,"k":[100,100,100],"ix":6}},"ao":0,"shapes":[{"ty":"gr","it":[{"ind":0,"ty":"sh","ix":1,"ks":{"a":0,"k":{"i":[[0.199,-0.019],[0.227,0.28],[0.181,-0.218],[0.336,0.37],[-0.37,0.336],[-2.669,-2.764],[0.47,-0.345]],"o":[[-0.299,0.028],[-1.997,-2.023],[-0.47,0.345],[-0.345,-0.47],[1.12,-0.908],[0.336,0.37],[-0.081,0.208]],"v":[[-3.701,-26.529],[-4.534,-26.853],[-8.61,-27.476],[-10.032,-27.645],[-9.863,-29.067],[-3.153,-28.187],[-3.221,-26.774]],"c":true},"ix":2},"hd":false},{"ty":"fl","c":{"a":0,"k":[0.258823543787,0.521568655968,0.956862747669,1],"ix":4},"o":{"a":1,"k":[{"i":{"x":[0.833],"y":[0.833]},"o":{"x":[0.167],"y":[0.167]},"n":["0p833_0p833_0p167_0p167"],"t":105,"s":[0],"e":[100]},{"i":{"x":[0.833],"y":[0.833]},"o":{"x":[0.167],"y":[0.167]},"n":["0p833_0p833_0p167_0p167"],"t":106,"s":[100],"e":[100]},{"i":{"x":[0.833],"y":[0.833]},"o":{"x":[0.167],"y":[0.167]},"n":["0p833_0p833_0p167_0p167"],"t":114,"s":[100],"e":[0]},{"t":115}],"ix":5},"r":1,"hd":false},{"ty":"tr","p":{"a":0,"k":[0,0],"ix":2},"a":{"a":0,"k":[0,0],"ix":1},"s":{"a":0,"k":[100,100],"ix":3},"r":{"a":0,"k":0,"ix":6},"o":{"a":0,"k":100,"ix":7},"sk":{"a":0,"k":0,"ix":4},"sa":{"a":0,"k":0,"ix":5}}],"np":2,"cix":2,"ix":1,"hd":false},{"ty":"gr","it":[{"d":1,"ty":"el","s":{"a":0,"k":[5.4,5.4],"ix":2},"p":{"a":0,"k":[0,0],"ix":3},"hd":false},{"ty":"fl","c":{"a":0,"k":[0.258823543787,0.521568655968,0.956862747669,1],"ix":4},"o":{"a":1,"k":[{"i":{"x":[0.833],"y":[0.833]},"o":{"x":[0.167],"y":[0.167]},"n":["0p833_0p833_0p167_0p167"],"t":105,"s":[100],"e":[0]},{"i":{"x":[0.833],"y":[0.833]},"o":{"x":[0.167],"y":[0.167]},"n":["0p833_0p833_0p167_0p167"],"t":106,"s":[0],"e":[0]},{"i":{"x":[0.833],"y":[0.833]},"o":{"x":[0.167],"y":[0.167]},"n":["0p833_0p833_0p167_0p167"],"t":114,"s":[0],"e":[100]},{"t":115}],"ix":5},"r":1,"hd":false},{"ty":"tr","p":{"a":0,"k":[-6.5,-28.6],"ix":2},"a":{"a":0,"k":[0,0],"ix":1},"s":{"a":0,"k":[100,100],"ix":3},"r":{"a":0,"k":0,"ix":6},"o":{"a":0,"k":100,"ix":7},"sk":{"a":0,"k":0,"ix":4},"sa":{"a":0,"k":0,"ix":5}}],"np":2,"cix":2,"ix":2,"hd":false},{"ty":"gr","it":[{"d":1,"ty":"el","s":{"a":0,"k":[5.4,5.4],"ix":2},"p":{"a":0,"k":[0,0],"ix":3},"hd":false},{"ty":"fl","c":{"a":0,"k":[0.258823543787,0.521568655968,0.956862747669,1],"ix":4},"o":{"a":0,"k":100,"ix":5},"r":1,"hd":false},{"ty":"tr","p":{"a":0,"k":[6.8,-28.6],"ix":2},"a":{"a":0,"k":[0,0],"ix":1},"s":{"a":0,"k":[100,100],"ix":3},"r":{"a":0,"k":0,"ix":6},"o":{"a":0,"k":100,"ix":7},"sk":{"a":0,"k":0,"ix":4},"sa":{"a":0,"k":0,"ix":5}}],"np":2,"cix":2,"ix":3,"hd":false},{"ty":"gr","it":[{"ind":0,"ty":"sh","ix":1,"ks":{"a":0,"k":{"i":[[-4.381,0.409],[0.077,1.901],[0.498,-0.047],[-0.047,-0.498],[3.784,-0.354],[0.037,0.398],[0.498,-0.047],[-0.047,-0.498]],"o":[[4.381,-0.409],[-0.047,-0.498],[-0.498,0.047],[0.009,0.1],[-3.684,0.344],[-0.047,-0.498],[-0.498,0.047],[0.276,1.882]],"v":[[0.451,-16.62],[5.832,-22.446],[4.843,-23.358],[3.931,-22.369],[0.274,-18.512],[-4.034,-21.625],[-5.114,-22.428],[-5.917,-21.349]],"c":true},"ix":2},"hd":false},{"ty":"fl","c":{"a":0,"k":[0.258823543787,0.521568655968,0.956862747669,1],"ix":4},"o":{"a":0,"k":100,"ix":5},"r":1,"hd":false},{"ty":"tr","p":{"a":1,"k":[{"i":{"x":0.2,"y":0.2},"o":{"x":0.4,"y":0.4},"n":"0p2_0p2_0p4_0p4","t":10,"s":[0,0],"e":[0,0],"to":[0,0],"ti":[0,0]},{"t":25}],"ix":2},"a":{"a":0,"k":[0,0],"ix":1},"s":{"a":0,"k":[100,100],"ix":3},"r":{"a":0,"k":0,"ix":6},"o":{"a":0,"k":100,"ix":7},"sk":{"a":0,"k":0,"ix":4},"sa":{"a":0,"k":0,"ix":5}}],"np":2,"cix":2,"ix":4,"hd":false}],"ip":0,"op":121,"st":0,"bm":0},{"ddd":0,"ind":2,"ty":4,"sr":1,"ks":{"o":{"a":0,"k":100,"ix":11},"r":{"a":0,"k":0,"ix":10},"p":{"a":0,"k":[180,71,0],"ix":2},"a":{"a":0,"k":[0.5,0.3,0],"ix":1},"s":{"a":0,"k":[100,100,100],"ix":6}},"ao":0,"shapes":[{"ty":"gr","it":[{"ind":0,"ty":"sh","ix":1,"ks":{"a":1,"k":[{"i":{"x":0.2,"y":1},"o":{"x":0.4,"y":0},"n":"0p2_1_0p4_0","t":10,"s":[{"i":[[0.1,-0.009],[0.158,0.587],[0,0],[-0.134,0.716],[-0.716,-0.134],[-1.352,-4.795],[0.688,-0.165]],"o":[[-0.597,0.056],[-0.923,-3.429],[-0.716,-0.134],[0.134,-0.716],[0.208,0.081],[0.165,0.688],[-0.19,0.118]],"v":[[14.901,-26.155],[13.613,-27.039],[9.6,-31.284],[8.655,-32.803],[10.174,-33.748],[16.055,-27.769],[15.19,-26.282]],"c":true}],"e":[{"i":[[0.1,-0.009],[0.158,0.587],[0,0],[-0.134,0.716],[-0.716,-0.134],[-1.352,-4.795],[0.688,-0.165]],"o":[[-0.597,0.056],[-0.923,-3.429],[-0.716,-0.134],[0.134,-0.716],[0.208,0.081],[0.165,0.688],[-0.19,0.118]],"v":[[13.026,-26.155],[11.738,-27.039],[7.725,-31.284],[6.78,-32.803],[8.299,-33.748],[14.18,-27.769],[13.315,-26.282]],"c":true}]},{"i":{"x":0.2,"y":1},"o":{"x":0.4,"y":0},"n":"0p2_1_0p4_0","t":25,"s":[{"i":[[0.1,-0.009],[0.158,0.587],[0,0],[-0.134,0.716],[-0.716,-0.134],[-1.352,-4.795],[0.688,-0.165]],"o":[[-0.597,0.056],[-0.923,-3.429],[-0.716,-0.134],[0.134,-0.716],[0.208,0.081],[0.165,0.688],[-0.19,0.118]],"v":[[13.026,-26.155],[11.738,-27.039],[7.725,-31.284],[6.78,-32.803],[8.299,-33.748],[14.18,-27.769],[13.315,-26.282]],"c":true}],"e":[{"i":[[0.1,-0.009],[0.158,0.587],[0,0],[-0.134,0.716],[-0.716,-0.134],[-1.352,-4.795],[0.688,-0.165]],"o":[[-0.597,0.056],[-0.923,-3.429],[-0.716,-0.134],[0.134,-0.716],[0.208,0.081],[0.165,0.688],[-0.19,0.118]],"v":[[13.026,-26.155],[11.738,-27.039],[7.725,-31.284],[6.78,-32.803],[8.299,-33.748],[14.18,-27.769],[13.315,-26.282]],"c":true}]},{"i":{"x":0.2,"y":1},"o":{"x":0.4,"y":0},"n":"0p2_1_0p4_0","t":65,"s":[{"i":[[0.1,-0.009],[0.158,0.587],[0,0],[-0.134,0.716],[-0.716,-0.134],[-1.352,-4.795],[0.688,-0.165]],"o":[[-0.597,0.056],[-0.923,-3.429],[-0.716,-0.134],[0.134,-0.716],[0.208,0.081],[0.165,0.688],[-0.19,0.118]],"v":[[13.026,-26.155],[11.738,-27.039],[7.725,-31.284],[6.78,-32.803],[8.299,-33.748],[14.18,-27.769],[13.315,-26.282]],"c":true}],"e":[{"i":[[0.1,-0.009],[0.158,0.587],[0,0],[-0.134,0.716],[-0.716,-0.134],[-1.352,-4.795],[0.688,-0.165]],"o":[[-0.597,0.056],[-0.923,-3.429],[-0.716,-0.134],[0.134,-0.716],[0.208,0.081],[0.165,0.688],[-0.19,0.118]],"v":[[14.901,-26.155],[13.613,-27.039],[9.6,-31.284],[8.655,-32.803],[10.174,-33.748],[16.055,-27.769],[15.19,-26.282]],"c":true}]},{"t":80}],"ix":2},"hd":false},{"ty":"fl","c":{"a":0,"k":[0.890196084976,0.949019610882,0.992156863213,1],"ix":4},"o":{"a":0,"k":100,"ix":5},"r":1,"hd":false},{"ty":"tr","p":{"a":0,"k":[3,0],"ix":2},"a":{"a":0,"k":[0,0],"ix":1},"s":{"a":0,"k":[100,100],"ix":3},"r":{"a":0,"k":0,"ix":6},"o":{"a":0,"k":100,"ix":7},"sk":{"a":0,"k":0,"ix":4},"sa":{"a":0,"k":0,"ix":5}}],"np":2,"cix":2,"ix":1,"hd":false},{"ty":"gr","it":[{"ind":0,"ty":"sh","ix":1,"ks":{"a":0,"k":{"i":[[0,0],[0,0],[-1.127,1.913],[0.927,1.32],[0.109,0.09]],"o":[[0,0],[1.913,1.127],[1.065,-1.506],[-2.336,-3.498],[0,0]],"v":[[19.614,-12.235],[31.506,-5.498],[36.998,-6.915],[37.077,-11.442],[20.356,-27.908]],"c":true},"ix":2},"hd":false},{"ty":"fl","c":{"a":0,"k":[0.819607853889,0.886274516582,0.992156863213,1],"ix":4},"o":{"a":0,"k":100,"ix":5},"r":1,"hd":false},{"ty":"tr","p":{"a":1,"k":[{"i":{"x":0.2,"y":1},"o":{"x":0.4,"y":0},"n":"0p2_1_0p4_0","t":10,"s":[19.426,-15.969],"e":[21.426,-17.969],"to":[0.33333647251129,-0.33334165811539],"ti":[-0.33333647251129,0.33334165811539]},{"i":{"x":0.2,"y":0.2},"o":{"x":0.4,"y":0.4},"n":"0p2_0p2_0p4_0p4","t":25,"s":[21.426,-17.969],"e":[21.426,-17.969],"to":[0,0],"ti":[0,0]},{"i":{"x":0.2,"y":1},"o":{"x":0.4,"y":0},"n":"0p2_1_0p4_0","t":65,"s":[21.426,-17.969],"e":[19.426,-15.969],"to":[-0.33333647251129,0.33334165811539],"ti":[0.33333647251129,-0.33334165811539]},{"t":85}],"ix":2},"a":{"a":0,"k":[19.426,-15.969],"ix":1},"s":{"a":0,"k":[100,100],"ix":3},"r":{"a":1,"k":[{"i":{"x":[0.2],"y":[1]},"o":{"x":[0.4],"y":[0]},"n":["0p2_1_0p4_0"],"t":10,"s":[0],"e":[-81]},{"i":{"x":[0.2],"y":[1]},"o":{"x":[0.4],"y":[0]},"n":["0p2_1_0p4_0"],"t":20,"s":[-81],"e":[-81]},{"i":{"x":[0.2],"y":[1]},"o":{"x":[0.4],"y":[0]},"n":["0p2_1_0p4_0"],"t":30,"s":[-81],"e":[-71]},{"i":{"x":[0.2],"y":[1]},"o":{"x":[0.4],"y":[0]},"n":["0p2_1_0p4_0"],"t":40,"s":[-71],"e":[-81]},{"i":{"x":[0.2],"y":[1]},"o":{"x":[0.4],"y":[0]},"n":["0p2_1_0p4_0"],"t":50,"s":[-81],"e":[-71]},{"i":{"x":[0.2],"y":[1]},"o":{"x":[0.167],"y":[0]},"n":["0p2_1_0p167_0"],"t":60,"s":[-71],"e":[-81]},{"i":{"x":[0.2],"y":[1]},"o":{"x":[0.4],"y":[0]},"n":["0p2_1_0p4_0"],"t":70,"s":[-81],"e":[0]},{"t":85}],"ix":6},"o":{"a":0,"k":100,"ix":7},"sk":{"a":0,"k":0,"ix":4},"sa":{"a":0,"k":0,"ix":5}}],"np":2,"cix":2,"ix":2,"hd":false},{"ty":"gr","it":[{"ty":"gr","it":[{"ind":0,"ty":"sh","ix":1,"ks":{"a":1,"k":[{"i":{"x":0.2,"y":1},"o":{"x":0.4,"y":0},"n":"0p2_1_0p4_0","t":10,"s":[{"i":[[0.1,0.1],[0.7,1.6],[10.9,0],[3.9,-9.4],[0.4,-1.6],[2,-3.7],[-0.9,-1.3],[-1.8,1.3],[0,0],[0,0],[0,0],[-5.4,-1.8],[-0.6,-1.3],[-1.4,0],[0,2.2],[0,0],[-2,0],[-2.3,0.3],[0,0],[-2,0],[-0.7,1.4],[-0.8,2.7],[-0.7,2.7],[0,0],[-0.8,4.8]],"o":[[-0.4,-1.6],[-3.9,-9.4],[-10.9,0],[-0.7,1.7],[-0.1,0.1],[-0.8,1.4],[1.3,1.8],[0,0],[0.8,4.8],[0,0],[0.9,3.1],[0.7,2.5],[0.6,1.4],[2,0],[0,0],[1.9,0.2],[2.6,0],[0,0],[0,2.3],[1.4,0],[0.6,-1.4],[4.4,-1.7],[0,0],[0,0],[0,0]],"v":[[26.792,-19.3],[25.192,-24.2],[-0.008,-40.4],[-25.208,-24.2],[-26.808,-19.3],[-36.208,-7.6],[-35.908,-3.2],[-30.308,-2.3],[-27.208,-4.5],[-24.908,3.4],[-24.908,3.4],[-14.908,11],[-12.908,17.1],[-9.508,19.4],[-5.908,15.3],[-5.908,12.9],[-0.108,13.2],[7.292,12.7],[7.292,15.3],[10.892,19.4],[14.292,17.1],[16.492,10.4],[24.692,3.5],[24.692,3.5],[26.992,-4.4]],"c":true}],"e":[{"i":[[0.109,0.09],[0.846,1.528],[10.853,-1.014],[2.983,-9.73],[0.249,-1.63],[1.647,-3.87],[-1.017,-1.211],[-1.671,1.462],[0,0],[0,0],[0,0],[-5.544,-1.29],[-0.6,-1.3],[-1.4,0],[0,2.2],[0,0],[-2,0],[-2.3,0.3],[0,0],[-2,0],[-0.7,1.4],[-0.545,2.763],[-0.446,2.753],[0,0],[-0.35,4.854]],"o":[[-0.547,-1.556],[-4.758,-8.996],[-10.853,1.014],[-0.539,1.758],[-0.09,0.109],[-0.666,1.468],[1.462,1.671],[0,0],[1.243,4.705],[0,0],[1.184,3.003],[0.93,2.424],[0.6,1.4],[2,0],[0,0],[1.9,0.2],[2.6,0],[0,0],[0,2.3],[1.4,0],[0.6,-1.4],[4.223,-2.102],[0,0],[0,0],[0,0]],"v":[[23.753,-21.885],[21.704,-26.615],[-4.893,-40.4],[-28.477,-21.926],[-29.614,-16.899],[-37.885,-4.375],[-37.177,-0.022],[-31.518,0.353],[-28.636,-2.126],[-25.611,5.526],[-25.611,5.526],[-14.947,12.163],[-12.908,17.1],[-9.508,19.4],[-5.908,15.3],[-5.908,13.525],[-0.108,13.825],[7.292,13.325],[7.292,15.3],[10.892,19.4],[14.292,17.1],[16.261,8.645],[23.783,1.012],[23.783,1.012],[25.339,-7.068]],"c":true}]},{"i":{"x":0.2,"y":1},"o":{"x":0.4,"y":0},"n":"0p2_1_0p4_0","t":25,"s":[{"i":[[0.109,0.09],[0.846,1.528],[10.853,-1.014],[2.983,-9.73],[0.249,-1.63],[1.647,-3.87],[-1.017,-1.211],[-1.671,1.462],[0,0],[0,0],[0,0],[-5.544,-1.29],[-0.6,-1.3],[-1.4,0],[0,2.2],[0,0],[-2,0],[-2.3,0.3],[0,0],[-2,0],[-0.7,1.4],[-0.545,2.763],[-0.446,2.753],[0,0],[-0.35,4.854]],"o":[[-0.547,-1.556],[-4.758,-8.996],[-10.853,1.014],[-0.539,1.758],[-0.09,0.109],[-0.666,1.468],[1.462,1.671],[0,0],[1.243,4.705],[0,0],[1.184,3.003],[0.93,2.424],[0.6,1.4],[2,0],[0,0],[1.9,0.2],[2.6,0],[0,0],[0,2.3],[1.4,0],[0.6,-1.4],[4.223,-2.102],[0,0],[0,0],[0,0]],"v":[[23.753,-21.885],[21.704,-26.615],[-4.893,-40.4],[-28.477,-21.926],[-29.614,-16.899],[-37.885,-4.375],[-37.177,-0.022],[-31.518,0.353],[-28.636,-2.126],[-25.611,5.526],[-25.611,5.526],[-14.947,12.163],[-12.908,17.1],[-9.508,19.4],[-5.908,15.3],[-5.908,13.525],[-0.108,13.825],[7.292,13.325],[7.292,15.3],[10.892,19.4],[14.292,17.1],[16.261,8.645],[23.783,1.012],[23.783,1.012],[25.339,-7.068]],"c":true}],"e":[{"i":[[0.109,0.09],[0.846,1.528],[10.853,-1.014],[2.983,-9.73],[0.249,-1.63],[1.647,-3.87],[-1.017,-1.211],[-1.671,1.462],[0,0],[0,0],[0,0],[-5.544,-1.29],[-0.6,-1.3],[-1.4,0],[0,2.2],[0,0],[-2,0],[-2.3,0.3],[0,0],[-2,0],[-0.7,1.4],[-0.545,2.763],[-0.446,2.753],[0,0],[-0.35,4.854]],"o":[[-0.547,-1.556],[-4.758,-8.996],[-10.853,1.014],[-0.539,1.758],[-0.09,0.109],[-0.666,1.468],[1.462,1.671],[0,0],[1.243,4.705],[0,0],[1.184,3.003],[0.93,2.424],[0.6,1.4],[2,0],[0,0],[1.9,0.2],[2.6,0],[0,0],[0,2.3],[1.4,0],[0.6,-1.4],[4.223,-2.102],[0,0],[0,0],[0,0]],"v":[[23.753,-21.885],[21.704,-26.615],[-4.893,-40.4],[-28.477,-21.926],[-29.614,-16.899],[-37.885,-4.375],[-37.177,-0.022],[-31.518,0.353],[-28.636,-2.126],[-25.611,5.526],[-25.611,5.526],[-14.947,12.163],[-12.908,17.1],[-9.508,19.4],[-5.908,15.3],[-5.908,13.525],[-0.108,13.825],[7.292,13.325],[7.292,15.3],[10.892,19.4],[14.292,17.1],[16.261,8.645],[23.783,1.012],[23.783,1.012],[25.339,-7.068]],"c":true}]},{"i":{"x":0.2,"y":1},"o":{"x":0.167,"y":0},"n":"0p2_1_0p167_0","t":65,"s":[{"i":[[0.109,0.09],[0.846,1.528],[10.853,-1.014],[2.983,-9.73],[0.249,-1.63],[1.647,-3.87],[-1.017,-1.211],[-1.671,1.462],[0,0],[0,0],[0,0],[-5.544,-1.29],[-0.6,-1.3],[-1.4,0],[0,2.2],[0,0],[-2,0],[-2.3,0.3],[0,0],[-2,0],[-0.7,1.4],[-0.545,2.763],[-0.446,2.753],[0,0],[-0.35,4.854]],"o":[[-0.547,-1.556],[-4.758,-8.996],[-10.853,1.014],[-0.539,1.758],[-0.09,0.109],[-0.666,1.468],[1.462,1.671],[0,0],[1.243,4.705],[0,0],[1.184,3.003],[0.93,2.424],[0.6,1.4],[2,0],[0,0],[1.9,0.2],[2.6,0],[0,0],[0,2.3],[1.4,0],[0.6,-1.4],[4.223,-2.102],[0,0],[0,0],[0,0]],"v":[[23.753,-21.885],[21.704,-26.615],[-4.893,-40.4],[-28.477,-21.926],[-29.614,-16.899],[-37.885,-4.375],[-37.177,-0.022],[-31.518,0.353],[-28.636,-2.126],[-25.611,5.526],[-25.611,5.526],[-14.947,12.163],[-12.908,17.1],[-9.508,19.4],[-5.908,15.3],[-5.908,13.525],[-0.108,13.825],[7.292,13.325],[7.292,15.3],[10.892,19.4],[14.292,17.1],[16.261,8.645],[23.783,1.012],[23.783,1.012],[25.339,-7.068]],"c":true}],"e":[{"i":[[0.1,0.1],[0.7,1.6],[10.9,0],[3.9,-9.4],[0.4,-1.6],[2,-3.7],[-0.9,-1.3],[-1.8,1.3],[0,0],[0,0],[0,0],[-5.4,-1.8],[-0.6,-1.3],[-1.4,0],[0,2.2],[0,0],[-2,0],[-2.3,0.3],[0,0],[-2,0],[-0.7,1.4],[-0.8,2.7],[-0.7,2.7],[0,0],[-0.8,4.8]],"o":[[-0.4,-1.6],[-3.9,-9.4],[-10.9,0],[-0.7,1.7],[-0.1,0.1],[-0.8,1.4],[1.3,1.8],[0,0],[0.8,4.8],[0,0],[0.9,3.1],[0.7,2.5],[0.6,1.4],[2,0],[0,0],[1.9,0.2],[2.6,0],[0,0],[0,2.3],[1.4,0],[0.6,-1.4],[4.4,-1.7],[0,0],[0,0],[0,0]],"v":[[26.792,-19.3],[25.192,-24.2],[-0.008,-40.4],[-25.208,-24.2],[-26.808,-19.3],[-36.208,-7.6],[-35.908,-3.2],[-30.308,-2.3],[-27.208,-4.5],[-24.908,3.4],[-24.908,3.4],[-14.908,11],[-12.908,17.1],[-9.508,19.4],[-5.908,15.3],[-5.908,12.9],[-0.108,13.2],[7.292,12.7],[7.292,15.3],[10.892,19.4],[14.292,17.1],[16.492,10.4],[24.692,3.5],[24.692,3.5],[26.992,-4.4]],"c":true}]},{"t":80}],"ix":2},"hd":false},{"ty":"fl","c":{"a":0,"k":[0.819607853889,0.886274516582,0.992156863213,1],"ix":4},"o":{"a":0,"k":100,"ix":5},"r":1,"hd":false},{"ty":"tr","p":{"a":0,"k":[0,0],"ix":2},"a":{"a":0,"k":[0,0],"ix":1},"s":{"a":0,"k":[100,100],"ix":3},"r":{"a":0,"k":0,"ix":6},"o":{"a":0,"k":100,"ix":7},"sk":{"a":0,"k":0,"ix":4},"sa":{"a":0,"k":0,"ix":5}}],"np":2,"cix":2,"ix":1,"hd":false},{"ty":"tr","p":{"a":0,"k":[0,0],"ix":2},"a":{"a":0,"k":[0,0],"ix":1},"s":{"a":0,"k":[100,100],"ix":3},"r":{"a":0,"k":0,"ix":6},"o":{"a":0,"k":100,"ix":7},"sk":{"a":0,"k":0,"ix":4},"sa":{"a":0,"k":0,"ix":5}}],"np":1,"cix":2,"ix":3,"hd":false},{"ty":"gr","it":[{"d":1,"ty":"el","s":{"a":0,"k":[74.8,12.2],"ix":2},"p":{"a":0,"k":[0,0],"ix":3},"hd":false},{"ty":"fl","c":{"a":0,"k":[0.960784316063,0.960784316063,0.960784316063,1],"ix":4},"o":{"a":0,"k":100,"ix":5},"r":1,"hd":false},{"ty":"tr","p":{"a":1,"k":[{"i":{"x":0.2,"y":1},"o":{"x":0.4,"y":0},"n":"0p2_1_0p4_0","t":10,"s":[1.5,17.6],"e":[-1.5,17.6],"to":[-0.5,0],"ti":[0.5,0]},{"i":{"x":0.2,"y":0.2},"o":{"x":0.4,"y":0.4},"n":"0p2_0p2_0p4_0p4","t":25,"s":[-1.5,17.6],"e":[-1.5,17.6],"to":[0,0],"ti":[0,0]},{"i":{"x":0.2,"y":1},"o":{"x":0.4,"y":0},"n":"0p2_1_0p4_0","t":65,"s":[-1.5,17.6],"e":[1.5,17.6],"to":[0.5,0],"ti":[-0.5,0]},{"t":80}],"ix":2},"a":{"a":0,"k":[0,0],"ix":1},"s":{"a":0,"k":[100,100],"ix":3},"r":{"a":0,"k":0,"ix":6},"o":{"a":0,"k":100,"ix":7},"sk":{"a":0,"k":0,"ix":4},"sa":{"a":0,"k":0,"ix":5}}],"np":2,"cix":2,"ix":4,"hd":false}],"ip":0,"op":121,"st":0,"bm":0}],"markers":[]}